seq,timestamp_pub,qos,message_size,status
1,1753175574.8212318,1,65591,MQTTErrorCode.MQTT_ERR_SUCCESS
2,1753175574.901284,1,65591,MQTTErrorCode.MQTT_ERR_SUCCESS
3,1753175574.9816425,1,65591,MQTTErrorCode.MQTT_ERR_SUCCESS
4,1753175575.0597103,1,65591,MQTTErrorCode.MQTT_ERR_SUCCESS
5,1753175575.1413414,1,65591,MQTTErrorCode.MQTT_ERR_SUCCESS
6,1753175575.2245746,1,65591,MQTTErrorCode.MQTT_ERR_SUCCESS
7,1753175575.3058944,1,65591,MQTTErrorCode.MQTT_ERR_SUCCESS
8,1753175575.3883288,1,65591,MQTTErrorCode.MQTT_ERR_SUCCESS
9,1753175575.4682336,1,65591,MQTTErrorCode.MQTT_ERR_SUCCESS
10,1753175575.5469854,1,65592,MQTTErrorCode.MQTT_ERR_SUCCESS
11,1753175575.6246073,1,65592,MQTTErrorCode.MQTT_ERR_SUCCESS
12,1753175575.7058158,1,65592,MQTTErrorCode.MQTT_ERR_SUCCESS
13,1753175575.7838128,1,65591,MQTTErrorCode.MQTT_ERR_SUCCESS
14,1753175575.862102,1,65591,MQTTErrorCode.MQTT_ERR_SUCCESS
15,1753175575.9448864,1,65590,MQTTErrorCode.MQTT_ERR_SUCCESS
16,1753175576.0228865,1,65592,MQTTErrorCode.MQTT_ERR_SUCCESS
17,1753175576.1022995,1,65592,MQTTErrorCode.MQTT_ERR_SUCCESS
18,1753175576.1799157,1,65592,MQTTErrorCode.MQTT_ERR_SUCCESS
19,1753175576.2625573,1,65591,MQTTErrorCode.MQTT_ERR_SUCCESS
20,1753175576.340788,1,65592,MQTTErrorCode.MQTT_ERR_SUCCESS
21,1753175576.4204614,1,65592,MQTTErrorCode.MQTT_ERR_SUCCESS
22,1753175576.498011,1,65592,MQTTErrorCode.MQTT_ERR_SUCCESS
23,1753175576.5758252,1,65591,MQTTErrorCode.MQTT_ERR_SUCCESS
24,1753175576.6570623,1,65592,MQTTErrorCode.MQTT_ERR_SUCCESS
25,1753175576.735143,1,65592,MQTTErrorCode.MQTT_ERR_SUCCESS
26,1753175576.816299,1,65591,MQTTErrorCode.MQTT_ERR_SUCCESS
27,1753175576.8983734,1,65592,MQTTErrorCode.MQTT_ERR_SUCCESS
28,1753175576.9763184,1,65592,MQTTErrorCode.MQTT_ERR_SUCCESS
29,1753175577.0587633,1,65591,MQTTErrorCode.MQTT_ERR_SUCCESS
30,1753175577.1359177,1,65592,MQTTErrorCode.MQTT_ERR_SUCCESS
31,1753175577.218377,1,65592,MQTTErrorCode.MQTT_ERR_SUCCESS
32,1753175577.2964134,1,65592,MQTTErrorCode.MQTT_ERR_SUCCESS
33,1753175577.3782928,1,65592,MQTTErrorCode.MQTT_ERR_SUCCESS
34,1753175577.4556959,1,65592,MQTTErrorCode.MQTT_ERR_SUCCESS
35,1753175577.5382838,1,65591,MQTTErrorCode.MQTT_ERR_SUCCESS
36,1753175577.616158,1,65592,MQTTErrorCode.MQTT_ERR_SUCCESS
37,1753175577.698661,1,65592,MQTTErrorCode.MQTT_ERR_SUCCESS
38,1753175577.7761595,1,65592,MQTTErrorCode.MQTT_ERR_SUCCESS
39,1753175577.858106,1,65592,MQTTErrorCode.MQTT_ERR_SUCCESS
40,1753175577.940339,1,65592,MQTTErrorCode.MQTT_ERR_SUCCESS
41,1753175578.0234742,1,65592,MQTTErrorCode.MQTT_ERR_SUCCESS
42,1753175578.1021547,1,65592,MQTTErrorCode.MQTT_ERR_SUCCESS
43,1753175578.1794717,1,65592,MQTTErrorCode.MQTT_ERR_SUCCESS
44,1753175578.2622473,1,65592,MQTTErrorCode.MQTT_ERR_SUCCESS
45,1753175578.3451416,1,65592,MQTTErrorCode.MQTT_ERR_SUCCESS
46,1753175578.4250634,1,65592,MQTTErrorCode.MQTT_ERR_SUCCESS
47,1753175578.502864,1,65592,MQTTErrorCode.MQTT_ERR_SUCCESS
48,1753175578.5855484,1,65591,MQTTErrorCode.MQTT_ERR_SUCCESS
49,1753175578.666462,1,65592,MQTTErrorCode.MQTT_ERR_SUCCESS
50,1753175578.7480707,1,65591,MQTTErrorCode.MQTT_ERR_SUCCESS
51,1753175578.8307433,1,65592,MQTTErrorCode.MQTT_ERR_SUCCESS
52,1753175578.9133127,1,65592,MQTTErrorCode.MQTT_ERR_SUCCESS
53,1753175578.991078,1,65591,MQTTErrorCode.MQTT_ERR_SUCCESS
54,1753175579.0733147,1,65592,MQTTErrorCode.MQTT_ERR_SUCCESS
55,1753175579.1507888,1,65592,MQTTErrorCode.MQTT_ERR_SUCCESS
56,1753175579.2329319,1,65592,MQTTErrorCode.MQTT_ERR_SUCCESS
57,1753175579.3138487,1,65592,MQTTErrorCode.MQTT_ERR_SUCCESS
58,1753175579.3916137,1,65592,MQTTErrorCode.MQTT_ERR_SUCCESS
59,1753175579.4746354,1,65592,MQTTErrorCode.MQTT_ERR_SUCCESS
60,1753175579.5522456,1,65591,MQTTErrorCode.MQTT_ERR_SUCCESS
61,1753175579.6347232,1,65592,MQTTErrorCode.MQTT_ERR_SUCCESS
62,1753175579.7168946,1,65592,MQTTErrorCode.MQTT_ERR_SUCCESS
63,1753175579.794801,1,65592,MQTTErrorCode.MQTT_ERR_SUCCESS
64,1753175579.8721042,1,65592,MQTTErrorCode.MQTT_ERR_SUCCESS
65,1753175579.9518461,1,65592,MQTTErrorCode.MQTT_ERR_SUCCESS
66,1753175580.029367,1,65591,MQTTErrorCode.MQTT_ERR_SUCCESS
67,1753175580.1117148,1,65592,MQTTErrorCode.MQTT_ERR_SUCCESS
68,1753175580.189415,1,65591,MQTTErrorCode.MQTT_ERR_SUCCESS
69,1753175580.269362,1,65592,MQTTErrorCode.MQTT_ERR_SUCCESS
70,1753175580.3494685,1,65592,MQTTErrorCode.MQTT_ERR_SUCCESS
71,1753175580.4300535,1,65592,MQTTErrorCode.MQTT_ERR_SUCCESS
72,1753175580.5103788,1,65592,MQTTErrorCode.MQTT_ERR_SUCCESS
